eic,name,tso,u_primary,u_secondary,imax,s_nom,r,x,b,g,theta,is_pst,x_physical
11TD8T401EU12--E,TR Eula 220/400 401,50HERTZ,400.0,231.0,866.0,599.982399741859,0.668,51.462,-415.27,2.562,,False,True
11TD8T403GUE12-P,TR Güstrow 220/400 403,50HERTZ,380.0,231.0,1215.0,799.6878578545505,0.3328,22.5167,-477.407,3.1252,,False,True
11TD8T405NOR12-5,TR Hamburg/Nord 220/400 405,50HERTZ,400.0,231.0,650.0,450.3332099679081,0.925,62.9265,-0.5687,0.7688,,False,True
11TD8T406NOR12-Y,TR Hamburg/Nord 220/400 406,50HERTZ,400.0,231.0,650.0,450.3332099679081,0.925,62.9265,-0.5687,0.7688,,False,True
11T0-0000-0003-J,TR Lubmin 220/400 405,50HERTZ,400.0,231.0,650.0,450.3332099679081,0.7375,67.022,-0.547,0.75,,False,True
11TD8T401MZA12-Q,TR Marzahn 220/400 401,50HERTZ,400.0,231.0,577.0,399.7573263868969,0.506,40.429,-1.126,0.5437,,False,True
11TD8T402MZA12-I,TR Marzahn 220/400 402,50HERTZ,400.0,231.0,577.0,399.7573263868969,0.506,40.429,-1.126,0.5437,,False,True
11TD8T401NHG12-N,TR Neuenhagen 220/400 401,50HERTZ,380.0,231.0,1215.0,799.6878578545505,0.3328,22.5167,-477.407,3.1252,,False,True
11TD8T402NHG12-F,TR Neuenhagen 220/400 402,50HERTZ,380.0,231.0,1215.0,799.6878578545505,0.3328,22.5167,-477.407,3.1252,,False,True
11TD8T401RE12--J,TR Remptendorf 220/400 401,50HERTZ,400.0,231.0,577.0,399.7573263868969,0.917,63.193,-0.75,1.0,,False,True
11TD8T402RE12--B,TR Remptendorf 220/400 402,50HERTZ,400.0,231.0,577.0,399.7573263868969,0.917,63.193,-0.75,1.0,,False,True
11TD8T402ROE12-T,TR Röhrsdorf 220/400 402,50HERTZ,380.0,231.0,1215.0,799.6878578545505,0.3328,22.5167,-477.407,3.1252,,False,True
11TD8T403ROE12-T,TR Röhrsdorf 220/400 403,50HERTZ,380.0,231.0,1215.0,799.6878578545505,0.3328,22.5167,-477.407,3.1252,,False,True
11T0-0000-0011-L,PST Röhrsdorf 441,50HERTZ,410.0,410.0,1690.0,1200.138004564475,0.1,12.187,-0.902,1.1065,90.0,True,True
11T0-0000-0012-I,PST Röhrsdorf 442,50HERTZ,410.0,410.0,1690.0,1200.138004564475,0.097,12.607,-0.159,0.696,90.0,True,True
11TD8T401THY12-2,TR Thyrow 220/400 401,50HERTZ,400.0,231.0,577.0,399.7573263868969,0.917,63.193,-0.75,1.0,,False,True
11T0-0000-0013-F,PST Vierraden 441,50HERTZ,410.0,410.0,1690.0,1200.138004564475,0.1,12.187,-0.902,1.1065,90.0,True,True
11T0-0000-0014-C,PST Vierraden 443,50HERTZ,410.0,410.0,1690.0,1200.138004564475,0.097,12.607,-0.159,0.696,90.0,True,True
11T0-0000-0026-2,TR Vierraden 220/400 402,50HERTZ,400.0,231.0,650.0,450.3332099679081,0.925,62.9265,-0.5687,0.7688,,False,True
11T0-0000-0028-X,TR Vierraden 220/400 404,50HERTZ,400.0,231.0,650.0,450.3332099679081,0.925,62.9265,-0.5687,0.7688,,False,True
11TD8T402VIB12-B,TR Vieselbach 220/400 402,50HERTZ,400.0,231.0,577.0,399.7573263868969,0.917,63.193,-0.75,1.0,,False,True
11TD8T403VIB12-B,TR Vieselbach 220/400 403,50HERTZ,400.0,231.0,577.0,399.7573263868969,0.917,63.193,-0.75,1.0,,False,True
11TD8T404WOL12-H,TR Wolmirstedt 220/400 404,50HERTZ,400.0,231.0,577.0,399.7573263868969,0.917,63.193,-0.75,1.0,,False,True
11TD8T401WU12-0Y,TR Wustermark 220/400 401,50HERTZ,400.0,231.0,577.0,399.7573263868969,0.703,64.88,-0.671,0.775,,False,True
11TD8T402WU12--S,TR Wustermark 220/400 402,50HERTZ,400.0,231.0,577.0,399.7573263868969,0.917,63.193,-0.75,1.0,,False,True
11T0-0000-1900-E,PST Hamburg/Ost 441,50HERTZ,410.0,410.0,1690.0,1200.138004564475,0.1,12.187,-0.902,1.1065,90.0,True,True
11T0-0000-1901-B,PST Hamburg/Ost 442,50HERTZ,410.0,410.0,1690.0,1200.138004564475,0.1,12.187,-0.902,1.1065,90.0,True,True
11T0-0000-1902-8,PST Hamburg/Ost 443,50HERTZ,410.0,410.0,1690.0,1200.138004564475,0.097,12.607,-0.159,0.696,90.0,True,True
11T0-0000-1903-5,PST Hamburg/Ost 444,50HERTZ,410.0,410.0,1690.0,1200.138004564475,0.097,12.607,-0.159,0.696,90.0,True,True
14T-38220-DR0410,TR Duernrohr DURHU41,APG,220.0,400.0,1556.0,592.915632446978,0.2196,15.786,-16.0268,5.7088,60.0,True,True
14T-38220-DR042Z,TR Duernrohr DURHU42,APG,220.0,400.0,1556.0,592.915632446978,0.2196,15.786,-16.0268,5.7088,60.0,True,True
14T-38220-EH0425,TR Ernsthofen EHRHU41,APG,220.0,400.0,1556.0,592.915632446978,0.2196,15.873,-16.0268,5.7088,60.0,True,True
14T-38220-EH0417,TR Ernsthofen EHRHU42,APG,220.0,400.0,1556.0,592.915632446978,0.2196,15.786,-16.0268,5.7088,60.0,True,True
14T-22220-EHPST5,PST Ernsthofen EHPST,APG,220.0,220.0,1493.0,568.9094082540734,0.1223,12.827,63.15141,1.6833,90.0,True,True
14T-38220-LI041Y,TR Lienz LIRHU41,APG,220.0,400.0,1554.0,592.1535300916478,0.2196,15.433,-16.0268,5.7088,60.0,True,True
14T-38220-LI042W,TR Lienz LIRHU42,APG,220.0,400.0,1554.0,592.1535300916478,0.2196,15.433,-16.0268,5.7088,60.0,True,True
14T-22220-LIPSTW,PST Lienz LIPST,APG,220.0,220.0,746.0,284.26417853820413,0.2937,23.591,4.3939,1.7895,90.0,True,True
14T-38220-OS0413,TR Obersielach OSRHU41,APG,220.0,400.0,1556.0,592.915632446978,0.2196,15.433,-16.0268,5.7088,60.0,True,True
14T-RHU43-OS---K,TR Obersielach OSRHU43,APG,220.0,400.0,1531.0,583.3893530053492,0.1773,15.609,-10.0555,2.6427,60.0,True,True
14T-38220-OS0421,TR Obersielach OSRHU42,APG,220.0,400.0,1556.0,592.915632446978,0.2196,15.433,-16.0268,5.7088,60.0,True,True
14T-38220-SP041V,TR St. Peter SPRHU41,APG,220.0,400.0,1427.0,543.7600305281733,0.1942,15.099,-6.71943,2.7958,-60.0,True,True
14T-38220-SP042T,TR St. Peter SPRHU42,APG,220.0,400.0,1427.0,543.7600305281733,0.1942,15.099,-6.71943,2.7958,-60.0,True,True
14T-38220-SP043R,TR St. Peter SPRHU43,APG,220.0,400.0,1427.0,543.7600305281733,0.1942,15.099,-6.71943,2.7958,-60.0,True,True
14T-38220-TA041Q,TR Tauern TARHU41,APG,220.0,400.0,1554.0,592.1535300916478,0.1925,15.432,-12.6401,5.0472,60.0,True,True
14T-38220-TA042O,TR Tauern TARHU42,APG,220.0,400.0,1554.0,592.1535300916478,0.1925,15.432,-12.6401,5.0472,60.0,True,True
14T-22220-TAPSTO,PST Tauern TAPST,APG,220.0,220.0,1493.0,568.9094082540734,0.1223,12.827,63.15141,1.6833,90.0,True,True
14T-22220-TEPST4,PST Ternitz TEPST,APG,220.0,220.0,1493.0,568.9094082540734,0.1223,12.827,63.15141,1.6833,90.0,True,True
14T-38220-WT041O,TR Westtirol WTRHU41,APG,400.0,220.0,1443.0,999.7397261287559,0.2987,21.601,-6.6615,1.7,59.99,True,True
14T-38221-SO041S,TR Wien Suedost SORHU41,APG,220.0,400.0,1556.0,592.915632446978,0.2196,15.786,-16.0268,5.7088,60.0,True,True
14T-38220-SO042Y,TR Wien Suedost SORHU43,APG,220.0,400.0,1556.0,592.915632446978,0.2196,15.786,-16.0268,5.7088,60.0,True,True
14T-38220-ZZ041D,TR Zell am Ziller ZZRHU41,APG,400.0,220.0,1732.0,1199.964799483718,0.2257,19.736,-22.4514,1.0437,59.95,True,True
14T-38220-ZZ042B,TR Zell am Ziller ZZRHU42,APG,400.0,220.0,1732.0,1199.964799483718,0.2257,19.736,-22.4514,1.0437,59.95,True,True
14T-38220-RHU41V,TR Zaya ZYRHU41,APG,220.0,400.0,1427.0,543.7600305281733,0.17738,15.609,-10.0555,2.6427,60.0,True,True
14T-RHU43-TA---6,TR Tauern TARHU43,APG,220.0,400.0,1554.0,592.1535300916478,0.1925,15.432,-12.6401,5.0472,60.0,True,True
14T-220-220-NR1Y,TR Nauders NRPST21,APG,220.0,220.0,564.0,214.91286420314628,0.56,7.76,-7.94,0.96,90.0,True,True
14T-220-220-NR2W,TR Nauders NRPST22,APG,220.0,220.0,564.0,214.91286420314628,0.56,7.76,-7.94,0.96,90.0,True,True
14T-38220-LI043U,TR Lienz LIRHU43,APG,220.0,400.0,1554.0,592.1535300916478,0.2196,15.433,-16.0268,5.7088,60.0,True,True
27T-TR-CSTT401-T,TR C. Stred T401,CEPS,400.0,231.0,722.0,500.21627322589177,0.42,39.84,-1.38,0.66,,False,True
27T-TR-HRAT402-B,TR Hradec T402,CEPS,400.0,231.0,723.0,500.9090935489193,0.33,38.23,-0.6,0.5,,False,True
27T-TR-PRNT401X5,TR Prosenice T401,CEPS,400.0,231.0,722.0,500.21627322589177,0.43,37.82,-15.61,0.62,,False,True
27T-TR-SOKT401-H,TR Sokolnice T401,CEPS,400.0,231.0,722.0,500.21627322589177,0.48,42.29,-15.61,0.65,,False,True
27T-HRD4T451---Y,PST Hradec 1,CEPS,400.0,400.0,1168.0,809.2141372961794,0.21,25.5,-24.07,1.06,90.0,True,True
27T-HRD4T452---T,PST Hradec 2,CEPS,400.0,400.0,1168.0,809.2141372961794,0.21,25.59,-24.07,1.07,90.0,True,True
27T-HRD4T453---O,PST Hradec 3,CEPS,400.0,400.0,1168.0,809.2141372961794,0.21,25.44,-24.07,1.08,90.0,True,True
27T-HRD4T454---J,PST Hradec 4,CEPS,400.0,400.0,1168.0,809.2141372961794,0.2,25.63,-24.07,1.08,90.0,True,True
28T-0000001324-8,TR Bericevo 422,ELES,231.0,400.0,1000.0,400.1037365484106,0.1868,15.754,-14.0161,2.5299,,False,True
28T0000000008790,TR Bericevo 411,ELES,123.0,400.0,1408.0,299.9634870580084,0.0799,6.7672,-7.75569,7.0923,,False,True
28T-0000001321-H,TR Bericevo 211,ELES,115.0,220.0,753.0,149.98693968142692,0.2332,11.636,-62.8393,9.2476,,False,True
28T-0000001322-E,TR Bericevo 212,ELES,115.0,220.0,753.0,149.98693968142692,0.2332,11.636,-62.8393,9.2476,,False,True
28T000000000304E,TR Cirkovce 411,ELES,115.0,400.0,1506.0,299.97387936285384,0.2537,12.332,-43.3698,8.7032,,False,True
28T000000000305C,TR Cirkovce 412,ELES,115.0,400.0,1506.0,299.97387936285384,0.2537,12.332,-43.3698,8.7032,,False,True
28T-0000001841-L,TR Klece 211,ELES,115.0,220.0,1506.0,299.97387936285384,0.0684,5.9509,-53.8206,8.2042,,False,True
28T-0000001842-I,TR Klece 212,ELES,115.0,220.0,1506.0,299.97387936285384,0.0705,6.0655,-124.281,10.964,,False,True
28T-0000001937-2,TR Krsko 411,ELES,115.0,400.0,1506.0,299.97387936285384,0.0529,5.6645,-45.4166,14.374,,False,True
28T-0000001939-X,TR Krsko 412,ELES,115.0,400.0,1506.0,299.97387936285384,0.0799,5.4657,-5.05176,10.155,,False,True
28T-0000002124-C,TR Maribor 411,ELES,115.0,400.0,1506.0,299.97387936285384,0.097,5.6771,-121.489,15.667,,False,True
28T0000000001652,TR Maribor 412,ELES,115.0,400.0,1506.0,299.97387936285384,0.0782,5.9066,-7.94116,8.0983,,False,True
28T-0000002261-0,TR Okroglo 411,ELES,115.0,400.0,1506.0,299.97387936285384,0.1014,5.655,-94.0295,15.35,,False,True
28T-0000002262-Y,TR Okroglo 412,ELES,115.0,400.0,1506.0,299.97387936285384,0.0529,6.0656,-39.4009,10.715,,False,True
28T0000000001660,TR Podlog 411,ELES,115.0,400.0,1506.0,299.97387936285384,0.0775,5.8758,-35.3625,8.1739,,False,True
28T-0000002372-P,TR Podlog 211,ELES,115.0,400.0,753.0,149.98693968142692,0.3905,11.579,-51.3828,9.051,,False,True
28T-0000002373-M,TR Podlog 212,ELES,115.0,400.0,753.0,149.98693968142692,0.3905,11.579,-51.3828,9.051,,False,True
"28T-0000001569-4, 28T-0000001568-7",PST Divaca,ELES,400.0,400.0,1732.0,1199.964799483718,0.2,24.489,-5.16598,0.938,90.0,True,True
28T-0000002374-J,TR Podlog 421,ELES,231.0,400.0,1000.0,400.1037365484106,0.1955,15.807,-9.42377,2.4812,,False,True
28T-0000001565-G,TR Divaca 211,ELES,115.0,220.0,753.0,149.98693968142692,0.2998,12.031,-62.7778,9.656,,False,True
28T-0000001566-D,TR Divaca 212,ELES,115.0,220.0,753.0,149.98693968142692,0.3703,11.65,-62.7778,9.656,,False,True
28T-0000001567-A,TR Divaca 411,ELES,115.0,400.0,1506.0,299.97387936285384,0.0749,5.8891,-10.9223,8.121,,False,True
28T0000000002349,TR Divaca 412,ELES,115.0,400.0,1506.0,299.97387936285384,0.0793,5.8758,-7.79993,8.2344,,False,True
22T20211201AF--4,TR AUBANGE PST 1,ELIA,243.0,243.0,1686.9081939285365,710.0000000000001,0.1082545317,9.840905573399999,-5.069230638960864,1.4903,90.0,True,True
22T-BE-PST--001W,TR VAN EYCK PST 1,ELIA,400.0,400.0,2329.60833618014,1614.0000000000002,0.084256,10.501072,-2.02009375,1.2216,90.0,True,True
22T-BE-PST--002U,TR VAN EYCK PST 2,ELIA,400.0,400.0,2329.60833618014,1614.0000000000002,0.08380800000000001,10.489808,-0.39716874999999996,1.1773,90.0,True,True
22T-BE-PST--003S,TR ZANDVLIET PST 1,ELIA,400.0,400.0,2329.60833618014,1614.0000000000002,0.08648,10.639648,-2.03951875,1.1924,90.0,True,True
22T20161020---56,TR ZANDVLIET PST 2,ELIA,400.0,400.0,2329.60833618014,1614.0000000000002,0.08648,10.639648,-2.03951875,1.1924,90.0,True,True
22T-BE-PST--004Q,TR MONCEAU PST 1,ELIA,245.0,160.0,1122.0625741822053,476.1499999999999,0.2424949975,16.1847028175,-6.56411495210329,1.1962,90.0,True,True
22T20211201T---A,TR AUBANGE 380/220 TFO 1,ELIA,400.0,245.42,463.32359102467467,321.0,1.125872,82.232304,-1.8057562500000002,0.5048,,False,True
22T20211201V---0,TR AUBANGE 380/220 TFO 2,ELIA,400.0,245.46,463.32359102467467,321.0,1.00816,80.527024,-1.8021375,0.5176,,False,True
22T20211201W---W,TR BRUME 380/220 TFO 1,ELIA,400.0,245.42,463.32359102467467,321.0,1.1206880000000001,82.12568,-2.00081875,0.5006,,False,True
22T20211201X---R,TR LIXHE 380/220 TFO 11,ELIA,400.0,245.596,463.32359102467467,321.0,0.998368,78.068288,-0.7181562499999999,0.2162,,False,True
22T20211201Y---M,TR LIXHE 380/220 TFO 6,ELIA,400.0,245.596,463.32359102467467,321.0,0.99752,77.945616,-0.69955625,0.213,,False,True
22T20211201Z---H,TR RIMIERE 380/220 TFO 8,ELIA,400.0,245.46,463.32359102467467,321.0,1.018128,77.753328,-3.1429187499999998,0.5313,,False,True
22T20211201AA--O,TR RIMIERE 380/220 TFO 9,ELIA,400.0,245.42,463.32359102467467,321.0,0.6468,79.037,-0.91226,0.2161,,False,True
22T20211201AB--K,TR STEVIN 380/220 TFO 3,ELIA,400.0,225.0,926.6471820493493,642.0,0.366688,39.758304,-0.63120625,0.4051,,False,True
22T20211201AC--G,TR STEVIN 380/220 TFO 4,ELIA,400.0,225.0,926.6471820493493,642.0,0.370384,39.864944,-2.2135937500000002,0.4031,,False,True
22T20211201AD--C,TR STEVIN 380/220 TFO 5,ELIA,400.0,225.0,926.6471820493493,642.0,0.366928,39.838304,-0.11949375,0.3948,,False,True
22T20211201AE--8,TR STEVIN 380/220 TFO 6,ELIA,400.0,225.0,926.6471820493493,642.0,0.362896,39.785008,-0.63474375,0.3995,,False,True
22T202305111---Y,TR ZANDVLIET PST 3,ELIA,400.0,400.0,2329.60833618014,1614.0000000000002,0.1371,11.268,-1.98113,1.2216,90.0,True,True
22T202305112---T,TR ZANDVLIET PST 4,ELIA,400.0,400.0,2329.60833618014,1614.0000000000002,0.1371,11.268,-1.98113,1.2216,90.0,True,True
31T-0000-B-0004S,TR 1 400/220 Konjsko,HOPS,400.0,231.0,1000.0,692.8203230275509,0.194,15.6,-8.66,2.4,0.0,True,True
31T-0000-B-0005Q,TR 2 400/220 Konjsko,HOPS,400.0,231.0,1000.0,692.8203230275509,0.195,15.6,-7.9,2.4,0.0,True,True
31T-0000-B-0002W,TR1 400/220 kV Melina,HOPS,400.0,231.0,1000.0,692.8203230275509,0.196,15.5,-9.42,2.5,0.0,True,True
31T-0000-B-0003U,TR2 400/220 kV Melina,HOPS,400.0,231.0,1000.0,692.8203230275509,0.207,15.9,-5.49,2.4,0.0,True,True
31T-0000-B-0001Y,TR4 400/220 kV Zerjavinec,HOPS,400.0,231.0,1000.0,692.8203230275509,0.195,16.3,-32.21,1.2,0.0,True,True
15T-M0000001145Z,TR Sajoszoged TR3,MAVIR,231.0,400.0,1250.0,500.12967068551325,0.251,12.81,-18.0,0.0,,False,True
15T-M0000000817H,TR Martonvasar TR1,MAVIR,231.0,400.0,1250.0,500.12967068551325,0.167,12.67,-1.0,0.0,,False,True
15T-M0000000818F,TR Martonvasar TR2,MAVIR,231.0,400.0,1250.0,500.12967068551325,0.224,13.32,-18.0,0.0,,False,True
19T1100000064579,TR BYCZYNA-A1,PSE,400.0,220.0,500.0,346.41016151377545,0.121,12.032,-1.9421,0.0,0.0,True,True
19T1100000064587,TR BYCZYNA-A2,PSE,400.0,220.0,500.0,346.41016151377545,0.121,12.032,-1.9421,0.0,0.0,True,True
19T0000000035667,TR DUNOWO-A1,PSE,400.0,220.0,400.0,277.12812921102034,0.2468,13.504,-11.1777,0.0,0.0,True,True
19T110000006503S,TR GDANSK-A3,PSE,400.0,220.0,330.0,228.63070659909178,0.1936,18.905,-8.3471,0.0,0.0,True,True
19T110000006511T,PST GRUDZIADZ-A3,PSE,400.0,220.0,500.0,346.41016151377545,0.15,12.487,-7.7273,0.0,90.0,True,True
19T110000006523M,TR JOACHIMOW-A1,PSE,400.0,220.0,500.0,346.41016151377545,0.1162,11.393,-2.376,0.0,0.0,True,True
19T110000006524K,TR JOACHIMOW-A2,PSE,400.0,220.0,500.0,346.41016151377545,0.1162,11.597,-6.2603,0.0,0.0,True,True
19T110000006525I,PST JOACHIMOW-TD1,PSE,220.0,220.0,500.0,190.5255888325765,0.0678,0.9874,-2.7273,0.0,90.0,True,True
19T110000006526G,PST JOACHIMOW-TD2,PSE,220.0,220.0,500.0,190.5255888325765,0.0678,0.997,-2.8306,0.0,90.0,True,True
19T110000006530P,TR KIELCE-A1,PSE,400.0,220.0,500.0,346.41016151377545,0.1452,11.722,-3.3678,0.0,0.0,True,True
19T110000006540M,TR KOZIENICE-A2,PSE,400.0,220.0,500.0,346.41016151377545,0.1742,11.084,-3.7603,0.0,0.0,True,True
19T000000003616I,TR KRAJNIK-A2,PSE,400.0,220.0,400.0,277.12812921102034,0.2226,13.741,-38.4917,0.0,0.0,True,True
19T000000003617G,TR KRAJNIK-A3,PSE,400.0,220.0,500.0,346.41016151377545,0.1258,12.874,-3.0785,0.0,0.0,True,True
19T1100000065478,TR LAGISZA-A2,PSE,400.0,220.0,500.0,346.41016151377545,0.1258,12.797,-5.6612,0.0,0.0,True,True
19T000000004057N,TR MIKULOWA-A1,PSE,400.0,220.0,500.0,346.41016151377545,0.1065,9.438,-3.5124,0.0,0.0,True,True
19T000000004058L,TR MIKULOWA-A2,PSE,400.0,220.0,500.0,346.41016151377545,0.1065,9.438,-3.5124,0.0,0.0,True,True
19T0000000063830,PST MIKULOWA-PF1,PSE,400.0,400.0,1200.0,831.384387633061,0.112,11.616,-34.6375,0.0,90.0,True,True
19T000000006384Z,PST MIKULOWA-PF2,PSE,400.0,400.0,1200.0,831.384387633061,0.112,11.632,-34.6625,0.0,90.0,True,True
19T000000006385X,PST MIKULOWA-PF3,PSE,400.0,400.0,1200.0,831.384387633061,0.112,11.6,-34.6375,0.0,90.0,True,True
19T000000006386V,PSTMIKULOWA-PF4,PSE,400.0,400.0,1200.0,831.384387633061,0.112,11.568,-34.7,0.0,90.0,True,True
19T110000006561E,PST MIKULOWA-TD1,PSE,220.0,220.0,500.0,190.5255888325765,0.0968,0.8712,-2.5,0.0,90.0,True,True
19T110000006562C,PST MIKULOWA-TD2,PSE,220.0,220.0,500.0,190.5255888325765,0.0968,0.8712,-2.5,0.0,90.0,True,True
19T1100000065648,TR MILOSNA-A3,PSE,400.0,220.0,400.0,277.12812921102034,0.2565,13.286,-27.4587,0.0,0.0,True,True
19T1100000065818,TR OLSZTYN-MATK-A3,PSE,400.0,220.0,330.0,228.63070659909178,0.1839,18.169,-8.6364,0.0,0.0,True,True
19T1100000065842,TR OLTARZEW-A1,PSE,400.0,220.0,500.0,346.41016151377545,0.1258,11.5,-2.9752,0.0,0.0,True,True
19T1100000065850,TR OLTARZEW-A2,PSE,400.0,220.0,500.0,346.41016151377545,0.1258,11.51,-2.7893,0.0,0.0,True,True
19T000000006378U,TR OSTROLEKA-A1,PSE,400.0,220.0,500.0,346.41016151377545,0.121,11.277,-2.8512,0.0,0.0,True,True
19T110000006597U,TR PATNOW-A2,PSE,400.0,220.0,500.0,346.41016151377545,0.1452,12.845,-6.5289,0.0,0.0,True,True
19T110000006601S,TR POLANIEC-A2,PSE,400.0,220.0,400.0,277.12812921102034,0.271,14.757,-25.9091,0.0,0.0,True,True
19T0000000064187,TR POLKOWICE-A3,PSE,400.0,220.0,500.0,346.41016151377545,0.1162,11.437,-3.0992,0.0,0.0,True,True
19T110000006626C,TR ROGOWIEC-A1,PSE,400.0,220.0,500.0,346.41016151377545,0.1549,12.458,-1.6736,0.0,0.0,True,True
19T110000006627A,TR ROGOWIEC-A2,PSE,400.0,220.0,500.0,346.41016151377545,0.121,12.115,-2.4587,0.0,0.0,True,True
19T110000006633F,TR RZESZOW-A3,PSE,750.0,400.0,1251.0,1625.0966702014991,0.096,19.264,-4.6437,0.0,0.0,True,True
19T110000006634D,TR RZESZOW-A4,PSE,750.0,400.0,1251.0,1625.0966702014991,0.096,19.248,-4.65,0.0,0.0,True,True
19T000000003947W,TR SWIEBODZICE-A3,PSE,400.0,220.0,500.0,346.41016151377545,0.121,12.371,-2.6033,0.0,0.0,True,True
19T000000003959P,TR WIELOPOLE-A3,PSE,400.0,220.0,400.0,277.12812921102034,0.2904,15.711,-24.3182,0.0,0.0,True,True
17T000000014478N,TR 400/225kV 762 ALBERTVILLE,RTE,400.0,225.0,1803.0,1249.1550424186744,0.24,43.1,,,,False,True
17T000000016016E,TR 400/225kV 763 ALBERTVILLE,RTE,400.0,225.0,1803.0,1249.1550424186744,0.11,45.9,,,,False,True
17T-FR-00000065R,TR 400/225kV 761 ARGIA (BAYONNE SUD),RTE,400.0,225.0,1803.0,1249.1550424186744,0.17,42.4,,,,False,True
17T000000014153E,TR 400/225kV 761 ARGOEUVES,RTE,400.0,225.0,1803.0,1249.1550424186744,0.28,45.2,,,,False,True
17T000000014154C,TR 400/225kV 763 ARGOEUVES,RTE,400.0,225.0,1803.0,1249.1550424186744,0.31,46.2,,,,False,True
17T000000014162D,TR 400/225kV 761 ATTAQUES (LES),RTE,400.0,225.0,921.0,638.0875175083744,0.01,74.3,,,,False,True
17T000000014163B,TR 400/225kV 762 ATTAQUES (LES),RTE,400.0,225.0,921.0,638.0875175083744,0.37,68.1,,,,False,True
17T0000000141738,TR 400/225kV 761 AVELIN,RTE,400.0,225.0,1803.0,1249.1550424186744,0.29,45.7,,,,False,True
17T0000000141746,TR 400/225kV 762 AVELIN,RTE,400.0,225.0,1803.0,1249.1550424186744,0.28,45.2,,,,False,True
17T0000000141754,TR 400/225kV 763 AVELIN,RTE,400.0,225.0,1803.0,1249.1550424186744,0.28,45.4,,,,False,True
17T0000000145075,TR 400/225kV 761 AVOINE (POSTE 400 KV),RTE,400.0,225.0,913.0,632.544954924154,0.51,69.4,,,,False,True
17T000000014510G,TR 400/225kV 761 BROC-CARROS (LE),RTE,400.0,225.0,1803.0,1249.1550424186744,0.1,42.3,,,,False,True
17T000000014511E,TR 400/225kV 762 BROC-CARROS (LE),RTE,400.0,225.0,1803.0,1249.1550424186744,0.26,45.5,,,,False,True
17T0000000145237,TR 400/225kV 761 BEAUMONT-MONTEUX,RTE,400.0,225.0,1803.0,1249.1550424186744,0.23,45.3,,,,False,True
17T0000000145245,TR 400/225kV 762 BEAUMONT-MONTEUX,RTE,400.0,225.0,1803.0,1249.1550424186744,0.25,45.4,,,,False,True
17T0000000145326,TR 400/225kV 761 BAIXAS,RTE,400.0,225.0,901.0,624.2311110478233,2.2643,74.1,,,,False,True
17T0000000145334,TR 400/225kV 762 BAIXAS,RTE,400.0,225.0,901.0,624.2311110478233,2.3134,73.8,,,,False,True
17T000000015933K,TR 400/225kV 763 BAIXAS,RTE,400.0,225.0,902.0,624.9239313708509,-0.029,73.15,,,,False,True
17T000000014547U,TR 400/225kV 761 BAYET,RTE,400.0,225.0,921.0,638.0875175083744,0.62,70.0,,,,False,True
17T000000014548S,TR 400/225kV 762 BAYET,RTE,400.0,225.0,910.0,630.4664939550713,0.71,70.5,,,,False,True
17T000000014549Q,TR 400/225kV 763 BAYET,RTE,400.0,225.0,921.0,638.0875175083744,0.68,70.6,,,,False,True
17T000000014558P,TR 400/225kV 761 BEZAUMONT,RTE,400.0,225.0,921.0,638.0875175083744,0.16,70.6,,,,False,True
17T000000014559N,TR 400/225kV 762 BEZAUMONT,RTE,400.0,225.0,921.0,638.0875175083744,0.15,71.3,,,,False,True
17T000000014564U,TR 400/225kV 761 BIANCON,RTE,400.0,225.0,1803.0,1249.1550424186744,0.24,43.1,,,,False,True
17T000000014565S,TR 400/225kV 762 BIANCON,RTE,400.0,225.0,1803.0,1249.1550424186744,0.24,43.1,,,,False,True
17T000000014572V,TR 400/225kV 761 BOISSE (LA),RTE,400.0,225.0,1803.0,1249.1550424186744,0.07,42.4,,,,False,True
17T000000014573T,TR 400/225kV 762 BOISSE (LA),RTE,400.0,225.0,1803.0,1249.1550424186744,0.1,39.8,,,,False,True
17T000000014581U,TR 400/225kV 761 BOUTRE,RTE,400.0,225.0,1803.0,1249.1550424186744,0.08,42.3,,,,False,True
17T000000014582S,TR 400/225kV 762 BOUTRE,RTE,400.0,225.0,1800.0,1247.0765814495915,0.09,42.6,,,,False,True
17T000000014583Q,TR 400/225kV 761 BRAUD,RTE,400.0,225.0,961.0,665.8003304294765,0.05,70.3,,,,False,True
17T000000014586K,TR 400/225kV 762 BREUIL (LE),RTE,400.0,225.0,921.0,638.0875175083744,0.4,68.6,,,,False,True
17T000000016006H,TR 400/225kV 761 CALAN,RTE,400.0,225.0,1803.0,1249.1550424186744,0.082,45.95,,,,False,True
17T-FR-000000422,TR 400/225kV 761 CANTEGRIT,RTE,400.0,225.0,1803.0,1249.1550424186744,0.09,42.5,,,,False,True
17T-FR-000000430,TR 400/225kV 762 CANTEGRIT,RTE,400.0,225.0,1803.0,1249.1550424186744,0.06,42.7,,,,False,True
17T000000016043B,TR 400/225kV 761 CAPELLE (LA),RTE,400.0,225.0,1803.0,1249.1550424186744,0.087,45.77,,,,False,True
17T0000000146063,TR 400/225kV 761 CAZARIL,RTE,400.0,225.0,921.0,638.0875175083744,0.43,69.9,,,,False,True
17T0000000146071,TR 400/225kV 762 CAZARIL,RTE,400.0,225.0,847.0,586.8188136043357,0.55,68.9,,,,False,True
17T000000014198T,TR 400/225kV 761-(769) CERGY,RTE,400.0,225.0,850.0,588.8972745734183,0.59,68.7,,,,False,True
17T000000014199R,TR 400/225kV 763 CERGY,RTE,400.0,225.0,1800.0,1247.0765814495915,0.24,45.4,,,,False,True
17T000000014200V,TR 400/225kV 764 CERGY,RTE,400.0,225.0,1800.0,1247.0765814495915,0.27,45.9,,,,False,True
17T000000014201T,TR 400/225kV 765 CERGY,RTE,400.0,225.0,1800.0,1247.0765814495915,0.26,45.2,,,,False,True
17T000000014198T,TR 400/225kV 769 CERGY,RTE,400.0,225.0,925.0,640.8587988004846,0.57,72.8,,,,False,True
17T000000014617Z,TR 400/225kV 761 CHAINGY,RTE,400.0,225.0,1800.0,1247.0765814495915,0.23,45.2,,,,False,True
17T000000014618X,TR 400/225kV 762 CHAINGY,RTE,400.0,225.0,1800.0,1247.0765814495915,0.25,44.7,,,,False,True
17T000000014626Y,TR 400/225kV 761 CHARPENAY,RTE,400.0,225.0,921.0,638.0875175083744,0.57,71.2,,,,False,True
17T000000014627W,TR 400/225kV 762 CHARPENAY,RTE,400.0,225.0,921.0,638.0875175083744,0.05,70.9,,,,False,True
17T000000014210S,TR 400/225kV 761 CHESNOY (LE),RTE,400.0,225.0,1803.0,1249.1550424186744,0.14,42.3,,,,False,True
17T000000014211Q,TR 400/225kV 762 CHESNOY (LE),RTE,400.0,225.0,921.0,638.0875175083744,0.08,42.4,,,,False,True
17T000000016084Y,TR 400/225kV 763 CHESNOY (LE),RTE,400.0,225.0,1803.0,1249.1550424186744,0.126,45.66,,,,False,True
17T000000014215I,TR 400/225kV 761 CIROLLIERS,RTE,400.0,225.0,1803.0,1249.1550424186744,0.32,45.7,,,,False,True
17T000000014216G,TR 400/225kV 762 CIROLLIERS,RTE,400.0,225.0,1803.0,1249.1550424186744,0.28,45.8,,,,False,True
17T000000014217E,TR 400/225kV 763 CIROLLIERS,RTE,400.0,225.0,1803.0,1249.1550424186744,0.25,45.8,,,,False,True
17T000000014652X,TR 400/225kV 761 CORDEMAIS-POSTE,RTE,400.0,225.0,1803.0,1249.1550424186744,0.29,45.8,,,,False,True
17T000000014653V,TR 400/225kV 763 CORDEMAIS-POSTE,RTE,400.0,225.0,1803.0,1249.1550424186744,0.07,42.4,,,,False,True
17T000000014654T,TR 400/225kV 765 CORDEMAIS-POSTE,RTE,400.0,225.0,921.0,638.0875175083744,0.7,70.4,,,,False,True
17T000000014655R,TR 400/225kV 769 CORDEMAIS-POSTE,RTE,400.0,225.0,921.0,638.0875175083744,0.43,63.0,,,,False,True
17T000000014663S,TR 400/225kV 761 CORNIER,RTE,400.0,225.0,1803.0,1249.1550424186744,0.28,45.5,,,,False,True
17T000000014664Q,TR 400/225kV 762 CORNIER,RTE,400.0,225.0,1803.0,1249.1550424186744,0.27,45.7,,,,False,True
17T000000014676J,TR 400/225kV 761 CHAMPAGNIER,RTE,400.0,225.0,1803.0,1249.1550424186744,0.11,42.4,,,,False,True
17T000000014677H,TR 400/225kV 762 CHAMPAGNIER,RTE,400.0,225.0,1803.0,1249.1550424186744,0.09,42.6,,,,False,True
17T000000014685I,TR 400/225kV 765 CRENEY,RTE,400.0,225.0,884.0,612.453165556355,0.35,45.4,,,,False,True
17T000000014686G,TR 400/225kV 766 CRENEY,RTE,400.0,225.0,885.0,613.1459858793826,0.37,36.5,,,,False,True
17T000000014687E,TR 400/225kV 768 CRENEY,RTE,400.0,225.0,1803.0,1249.1550424186744,0.11,42.4,,,,False,True
17T000000014694H,TR 400/225kV 761 CUBNEZAIS,RTE,400.0,225.0,1800.0,1247.0765814495915,0.29,44.8,,,,False,True
17T000000014695F,TR 400/225kV 762 CUBNEZAIS,RTE,400.0,225.0,1800.0,1247.0765814495915,0.05,42.4,,,,False,True
17T0000000147051,TR 400/225kV 761 DAMBRON,RTE,400.0,225.0,1800.0,1247.0765814495915,0.09,42.4,,,,False,True
17T0000000147132,TR 400/225kV 760 DISTRE,RTE,400.0,225.0,1803.0,1249.1550424186744,0.05,42.5,,,,False,True
17T000000014715Z,TR 400/225kV 762 DISTRE,RTE,400.0,225.0,913.0,632.544954924154,0.57,72.8,,,,False,True
17T000000014716X,TR 400/225kV 765 DISTRE,RTE,400.0,225.0,923.0,639.4731581544295,0.15,74.8,,,,False,True
17T000000014717V,TR 400/225kV 766 DISTRE,RTE,400.0,225.0,1803.0,1249.1550424186744,0.03,42.4,,,,False,True
17T000000014725W,TR 400/225kV 764 DOMLOUP,RTE,400.0,225.0,1803.0,1249.1550424186744,0.25,43.7,,,,False,True
17T000000014726U,TR 400/225kV 765 DOMLOUP,RTE,400.0,225.0,1803.0,1249.1550424186744,0.09,42.6,,,,False,True
17T000000014727S,TR 400/225kV 762 DONZAC,RTE,400.0,225.0,1803.0,1249.1550424186744,0.13,42.2,,,,False,True
17T000000014734V,TR 400/225kV 761 ECHALAS,RTE,400.0,225.0,1803.0,1249.1550424186744,0.27,45.7,,,,False,True
17T000000014735T,TR 400/225kV 762 ECHALAS,RTE,400.0,225.0,1803.0,1249.1550424186744,0.07,42.5,,,,False,True
17T000000014738N,TR 400/225kV 761 EGUZON,RTE,400.0,225.0,1803.0,1249.1550424186744,0.27,44.8,,,,False,True
17T000000014739L,TR 400/225kV 762 EGUZON,RTE,400.0,225.0,921.0,638.0875175083744,0.25,68.3,,,,False,True
17T000000014784G,TR 400/225kV 761 FEUILLANE,RTE,400.0,225.0,1803.0,1249.1550424186744,0.111,39.8,,,,False,True
17T000000014141L,TR 400/225kV 761 FRASNE,RTE,400.0,225.0,902.0,624.9239313708509,0.004,74.25,,,,False,True
17T000000014818P,TR 400/225kV 761 GRANDE-ILE,RTE,400.0,225.0,921.0,638.0875175083744,0.02,70.6,,,,False,True
17T000000014819N,TR 400/225kV 762 GRANDE-ILE,RTE,400.0,225.0,921.0,638.0875175083744,0.45,71.2,,,,False,True
17T000000016003N,TR 400/225kV 761 GALOREAUX (LES),RTE,400.0,225.0,1803.0,1249.1550424186744,0.119,39.64,,,,False,True
17T000000014850T,TR 400/225kV 761 GAUDIERE (LA),RTE,400.0,225.0,921.0,638.0875175083744,0.86,74.5,,,,False,True
17T000000014851R,TR 400/225kV 762 GAUDIERE (LA),RTE,400.0,225.0,1805.0,1250.5406830647294,0.07,42.7,,,,False,True
17T0000000142718,TR 400/225kV 761 GAVRELLE,RTE,400.0,225.0,1803.0,1249.1550424186744,0.12,42.2,,,,False,True
17T000000014853N,TR 400/225kV 761 GENISSIAT-POSTE,RTE,400.0,225.0,1803.0,1249.1550424186744,0.03,42.3,,,,False,True
17T000000014854L,TR 400/225kV 762 GENISSIAT-POSTE,RTE,400.0,225.0,1803.0,1249.1550424186744,0.33,42.3,,,,False,True
17T0000000148876,TR 400/225kV 761 GRANZAY,RTE,400.0,225.0,1803.0,1249.1550424186744,0.19,44.9,,,,False,True
17T0000000148884,TR 400/225kV 762 GRANZAY,RTE,400.0,225.0,1803.0,1249.1550424186744,0.24,45.0,,,,False,True
17T0000000148892,TR 400/225kV 763 GRANZAY,RTE,400.0,225.0,1803.0,1249.1550424186744,0.31,45.6,,,,False,True
17T0000000148965,TR 400/225kV 761 GROSNE,RTE,400.0,225.0,1803.0,1249.1550424186744,0.23,45.0,,,,False,True
17T0000000148973,TR 400/225kV 762 GROSNE,RTE,400.0,225.0,1803.0,1249.1550424186744,0.1,45.4,,,,False,True
17T000000014135G,TR 400/225kV 762 HENRI-PAUL,RTE,400.0,225.0,1805.0,1250.5406830647294,0.087,45.55,,,,False,True
17T0000000142815,TR 400/225kV 762 HAVRE (LE) (POSTE),RTE,400.0,225.0,1803.0,1249.1550424186744,0.11,42.5,,,,False,True
17T0000000142823,TR 400/225kV 763 HAVRE (LE) (POSTE),RTE,400.0,225.0,1803.0,1249.1550424186744,0.06,42.3,,,,False,True
17T000000014991B,TR 400/225kV 761 JONQUIERES,RTE,400.0,225.0,1803.0,1249.1550424186744,0.28,45.4,,,,False,True
17T0000000149929,TR 400/225kV 762 JONQUIERES,RTE,400.0,225.0,1803.0,1249.1550424186744,0.29,45.6,,,,False,True
17T0000000149961,TR 400/225kV 761 JUMEAUX (LES),RTE,400.0,225.0,921.0,638.0875175083744,0.1,70.1,,,,False,True
17T000000014998Y,TR 400/225kV 762 JUMEAUX (LES),RTE,400.0,225.0,921.0,638.0875175083744,0.44,69.3,,,,False,True
17T000000014287U,TR 400/225kV 761 LATENA,RTE,400.0,225.0,1803.0,1249.1550424186744,0.26,45.5,,,,False,True
17T000000014288S,TR 400/225kV 762 LATENA,RTE,400.0,225.0,1803.0,1249.1550424186744,0.27,45.0,,,,False,True
17T000000014289Q,TR 400/225kV 763 LATENA,RTE,400.0,225.0,1803.0,1249.1550424186744,0.27,45.4,,,,False,True
17T000000014295V,TR 400/225kV 763 LAUNAY,RTE,400.0,225.0,918.0,636.0090565392918,0.68,70.4,,,,False,True
17T0000000150494,TR 400/225kV 761 LESQUIVE,RTE,400.0,225.0,1803.0,1249.1550424186744,0.28,45.4,,,,False,True
17T000000015050J,TR 400/225kV 762 LESQUIVE,RTE,400.0,225.0,1803.0,1249.1550424186744,0.36,46.1,,,,False,True
17T000000016165Y,TR 400/225kV 761 LIMEUX,RTE,400.0,225.0,1803.0,1249.1550424186744,0.12,39.5,,,,False,True
17T000000015060G,TR 400/225kV 766 LOGELBACH,RTE,400.0,225.0,913.0,632.544954924154,0.64,69.9,,,,False,True
17T000000015061E,TR 400/225kV 767 LOGELBACH,RTE,400.0,225.0,913.0,632.544954924154,0.57,70.3,,,,False,True
17T000000015150F,TR 400/225kV 761 MAMBELIN,RTE,400.0,225.0,913.0,632.544954924154,0.22,70.0,,,,False,True
17T000000015151D,TR 400/225kV 762 MAMBELIN,RTE,400.0,225.0,913.0,632.544954924154,0.19,70.9,,,,False,True
17T000000015152B,TR 400/225kV 763 MAMBELIN,RTE,400.0,225.0,913.0,632.544954924154,0.17,68.7,,,,False,True
17T000000014305H,TR 400/225kV 761 MANDARINS,RTE,400.0,225.0,921.0,638.0875175083744,0.35,73.0,,,,False,True
17T000000014306F,TR 400/225kV 763 MANDARINS,RTE,400.0,225.0,921.0,638.0875175083744,0.35,72.0,,,,False,True
17T0000000151555,TR 400/225kV 761 MARLENHEIM,RTE,400.0,225.0,1803.0,1249.1550424186744,0.06,42.4,,,,False,True
17T0000000151563,TR 400/225kV 762 MARLENHEIM,RTE,400.0,225.0,1803.0,1249.1550424186744,0.08,44.2,,,,False,True
17T0000000151571,TR 400/225kV 763 MARLENHEIM,RTE,400.0,225.0,1803.0,1249.1550424186744,0.22,44.9,,,,False,True
17T0000000151822,TR 400/225kV 761 MARMAGNE,RTE,400.0,225.0,1803.0,1249.1550424186744,0.11,45.87,,,,False,True
17T000000016017C,TR 400/225kV 761 MARSILLON,RTE,400.0,225.0,1805.0,1250.5406830647294,1.0633,45.62,,,,False,True
17T0000000151911,TR 400/225kV 761 MARTYRE (LA),RTE,400.0,225.0,1803.0,1249.1550424186744,0.28,46.0,,,,False,True
17T000000015193Y,TR 400/225kV 762 MARTYRE (LA),RTE,400.0,225.0,1803.0,1249.1550424186744,0.27,45.8,,,,False,True
17T000000014314G,TR 400/225kV 761 MASTAING,RTE,400.0,225.0,1803.0,1249.1550424186744,0.29,45.6,,,,False,True
17T000000014315E,TR 400/225kV 762 MASTAING,RTE,400.0,225.0,1803.0,1249.1550424186744,0.15,42.5,,,,False,True
17T0000000143196,TR 400/225kV 761 MAZURES,RTE,400.0,225.0,921.0,638.0875175083744,0.36,69.3,,,,False,True
17T000000014320L,TR 400/225kV 762 MAZURES,RTE,400.0,225.0,921.0,638.0875175083744,0.73,67.6,,,,False,True
17T000000014321J,TR 400/225kV 763 MAZURES,RTE,400.0,225.0,1803.0,1249.1550424186744,0.11,42.2,,,,False,True
17T000000014322H,TR 400/225kV 761 MEZEROLLES,RTE,400.0,225.0,1803.0,1249.1550424186744,0.27,45.4,,,,False,True
17T000000014323F,TR 400/225kV 762 MEZEROLLES,RTE,400.0,225.0,921.0,638.0875175083744,0.54,69.6,,,,False,True
17T000000014324D,TR 400/225kV 763 MEZEROLLES,RTE,400.0,225.0,1803.0,1249.1550424186744,0.14,42.4,,,,False,True
17T000000014325B,TR 400/225kV 764 MEZEROLLES,RTE,400.0,225.0,1803.0,1249.1550424186744,0.28,45.5,,,,False,True
17T000000015225A,TR 400/225kV 761 MIONS,RTE,400.0,225.0,1803.0,1249.1550424186744,0.14,42.4,,,,False,True
17T0000000152268,TR 400/225kV 762 MIONS,RTE,400.0,225.0,1803.0,1249.1550424186744,0.14,42.0,,,,False,True
17T0000000152276,TR 400/225kV 763 MIONS,RTE,400.0,225.0,1803.0,1249.1550424186744,0.22,45.0,,,,False,True
17T0000000143285,TR 400/225kV 761 MORBRAS,RTE,400.0,225.0,1803.0,1249.1550424186744,0.25,45.4,,,,False,True
17T0000000143293,TR 400/225kV 762 MORBRAS,RTE,400.0,225.0,1803.0,1249.1550424186744,0.27,45.5,,,,False,True
17T000000014330I,TR 400/225kV 763 MORBRAS,RTE,400.0,225.0,1803.0,1249.1550424186744,0.28,45.2,,,,False,True
17T000000014331G,TR 400/225kV 764 MORBRAS,RTE,400.0,225.0,1803.0,1249.1550424186744,0.31,45.4,,,,False,True
17T000000015248Z,TR 400/225kV 761 MOULAINE,RTE,400.0,225.0,1803.0,1249.1550424186744,0.44,36.1,,,,False,True
17T0000000159657,TR 400/225kV 762 MOULAINE,RTE,400.0,225.0,1803.0,1249.1550424186744,0.11,42.6,,,,False,True
17T0000000152535,TR 400/225kV 761 MARQUIS (LE),RTE,400.0,225.0,884.0,612.453165556355,0.55,73.1,,,,False,True
17T0000000152543,TR 400/225kV 762 MARQUIS (LE),RTE,400.0,225.0,1803.0,1249.1550424186744,0.53,73.0,,,,False,True
17T0000000152551,TR 400/225kV 763 MARQUIS (LE),RTE,400.0,225.0,884.0,612.453165556355,0.41,62.7,,,,False,True
17T000000016283S,TR 400/225kV 764 MARQUIS (LE),RTE,400.0,225.0,1803.0,1249.1550424186744,0.099,40.11,,,,False,True
17T000000015293U,TR 400/225kV 761 NEOULES,RTE,400.0,225.0,1803.0,1249.1550424186744,0.13,42.0,,,,False,True
17T000000015294S,TR 400/225kV 762 NEOULES,RTE,400.0,225.0,1803.0,1249.1550424186744,0.28,45.1,,,,False,True
17T0000000159754,TR 400/225kV 761 OUDON,RTE,400.0,225.0,1803.0,1249.1550424186744,0.14,44.8,,,,False,True
17T000000015322C,TR 400/225kV 761 PRAZ-ST-ANDRE,RTE,400.0,225.0,921.0,638.0875175083744,0.11,67.9,,,,False,True
17T0000000143439,TR 400/225kV 761 PLESSIS-GASSOT,RTE,400.0,225.0,1800.0,1247.0765814495915,0.32,45.9,,,,False,True
17T0000000143447,TR 400/225kV 762 PLESSIS-GASSOT,RTE,400.0,225.0,1800.0,1247.0765814495915,0.08,42.3,,,,False,True
17T0000000143455,TR 400/225kV 763 PLESSIS-GASSOT,RTE,400.0,225.0,1800.0,1247.0765814495915,0.29,45.2,,,,False,True
17T0000000143463,TR 400/225kV 764 PLESSIS-GASSOT,RTE,400.0,225.0,1800.0,1247.0765814495915,0.28,44.6,,,,False,True
17T0000000143471,TR 400/225kV 765 PLESSIS-GASSOT,RTE,400.0,225.0,1800.0,1247.0765814495915,0.28,45.1,,,,False,True
17T0000000162077,TR 400/225kV 762 PLAINE HAUTE,RTE,400.0,225.0,1803.0,1249.1550424186744,0.098,39.63,,,,False,True
17T000000015330D,TR 400/225kV 763 PLAINE HAUTE,RTE,400.0,225.0,1803.0,1249.1550424186744,0.31,45.8,,,,False,True
17T000000014136E,TR 400/225kV 761 PLAN-D ORGON,RTE,400.0,225.0,921.0,638.0875175083744,0.25,76.4,,,,False,True
17T0000000154066,TR 400/225kV 761 PONTEAU,RTE,400.0,225.0,1803.0,1249.1550424186744,0.068,-11.7,,,,False,False
17T000000015449P,TR 400/225kV 761 QUINTES (LES),RTE,400.0,225.0,1803.0,1249.1550424186744,0.18,42.9,,,,False,True
17T0000000154503,TR 400/225kV 762 QUINTES (LES),RTE,400.0,225.0,1805.0,1250.5406830647294,0.11,42.3,,,,False,True
17T000000015482R,TR 400/225kV 761 REALTOR,RTE,400.0,225.0,1805.0,1250.5406830647294,0.12,41.7,,,,False,True
17T000000015483P,TR 400/225kV 762 REALTOR,RTE,400.0,225.0,1805.0,1250.5406830647294,0.14,42.7,,,,False,True
17T000000015484N,TR 400/225kV 763 REALTOR,RTE,400.0,225.0,1805.0,1250.5406830647294,0.11,41.8,,,,False,True
17T000000014138A,TR 400/225kV 761 REMISE,RTE,400.0,225.0,901.0,624.2311110478233,-0.036,73.1,,,,False,True
17T000000015487H,TR 400/225kV 764 REVIGNY,RTE,400.0,225.0,925.0,640.8587988004846,0.59,69.3,,,,False,True
17T000000015938A,TR 400/225kV 765 REVIGNY,RTE,400.0,225.0,1803.0,1249.1550424186744,0.09,42.8,,,,False,True
17T000000014393V,TR 400/225kV 762 ROUGEMONTIER,RTE,400.0,225.0,921.0,638.0875175083744,0.06,71.8,,,,False,True
17T000000014394T,TR 400/225kV 763 ROUGEMONTIER,RTE,400.0,225.0,1803.0,1249.1550424186744,0.41,44.8,,,,False,True
17T000000014396P,TR 400/225kV 765 ROUGEMONTIER,RTE,400.0,225.0,1803.0,1249.1550424186744,0.2,44.6,,,,False,True
17T0000000155321,TR 400/225kV 761 RUEYRES,RTE,400.0,225.0,901.0,624.2311110478233,0.4,69.2,,,,False,True
17T000000015534Y,TR 400/225kV 762 RUEYRES,RTE,400.0,225.0,913.0,632.544954924154,0.52,71.6,,,,False,True
17T000000015535W,TR 400/225kV 761 RULHAT,RTE,400.0,225.0,921.0,638.0875175083744,0.58,70.8,,,,False,True
17T000000015536U,TR 400/225kV 762 RULHAT,RTE,400.0,225.0,921.0,638.0875175083744,0.61,67.8,,,,False,True
17T0000000161291,TR 400/225kV 763 RULHAT,RTE,400.0,225.0,1803.0,1249.1550424186744,0.103,45.77,,,,False,True
17T000000015569F,TR 400/225kV 761 SAUCATS,RTE,400.0,225.0,1803.0,1249.1550424186744,0.26,45.1,,,,False,True
17T000000015570U,TR 400/225kV 762 SAUCATS,RTE,400.0,225.0,1805.0,1250.5406830647294,0.13,42.2,,,,False,True
17T000000016008D,TR 400/225kV 763 SAUCATS,RTE,400.0,225.0,1803.0,1249.1550424186744,0.167,40.43,,,,False,True
17T000000014405D,TR 400/225kV 761 SAUSSET,RTE,400.0,225.0,1803.0,1249.1550424186744,0.27,43.0,,,,False,True
17T000000016211G,TR 400/225kV 762 SAUSSET,RTE,400.0,225.0,1803.0,1249.1550424186744,0.09,45.9,,,,False,True
17T000000015574M,TR 400/225kV 761 SCHEER,RTE,400.0,225.0,1803.0,1249.1550424186744,0.118,39.27,,,,False,True
17T000000015581P,TR 400/225kV 761 SEREIN,RTE,400.0,225.0,1803.0,1249.1550424186744,0.09,42.7,,,,False,True
17T0000000156026,TR 400/225kV 762 SEREIN,RTE,400.0,225.0,1803.0,1249.1550424186744,0.12,42.7,,,,False,True
17T000000015606Z,TR 400/225kV 762 SIERENTZ,RTE,400.0,225.0,913.0,632.544954924154,0.56,69.9,,,,False,True
17T000000015607X,TR 400/225kV 764 SIERENTZ,RTE,400.0,225.0,913.0,632.544954924154,0.62,69.9,,,,False,True
17T000000015647L,TR 400/225kV 761 ST-AVOLD,RTE,400.0,225.0,1803.0,1249.1550424186744,0.13,42.6,,,,False,True
17T000000015659E,TR 400/225kV 765 ST-ELOI,RTE,400.0,225.0,847.0,586.8188136043357,0.35,68.5,,,,False,True
17T000000015660T,TR 400/225kV 766 ST-ELOI,RTE,400.0,225.0,847.0,586.8188136043357,0.07,68.3,,,,False,True
17T000000015732U,TR 400/225kV 761 TABARDERIE,RTE,400.0,225.0,912.0,631.8521346011264,0.66,71.0,,,,False,True
17T000000015733S,TR 400/225kV 762 TABARDERIE,RTE,400.0,225.0,912.0,631.8521346011264,0.64,70.6,,,,False,True
17T000000015737K,TR 400/225kV 761 TAMAREAU,RTE,400.0,225.0,1803.0,1249.1550424186744,0.25,45.0,,,,False,True
17T000000015738I,TR 400/225kV 762 TAMAREAU,RTE,400.0,225.0,1803.0,1249.1550424186744,0.13,42.4,,,,False,True
17T000000015739G,TR 400/225kV 763 TAMAREAU,RTE,400.0,225.0,1803.0,1249.1550424186744,0.02,42.5,,,,False,True
17T000000015763J,TR 400/225kV 763 TAVEL,RTE,400.0,225.0,1805.0,1250.5406830647294,0.14,42.6,,,,False,True
17T000000015764H,TR 400/225kV 764 TAVEL,RTE,400.0,225.0,1805.0,1250.5406830647294,0.15,42.5,,,,False,True
17T000000014422D,TR 400/225kV 761 TERRIER,RTE,400.0,225.0,1800.0,1247.0765814495915,0.02,42.4,,,,False,True
17T000000014423B,TR 400/225kV 762 TERRIER,RTE,400.0,225.0,1800.0,1247.0765814495915,0.31,45.6,,,,False,True
17T000000014432A,TR 400/225kV 763 TOURBE,RTE,400.0,225.0,1806.0,1251.2335033877569,0.24,46.2,,,,False,True
17T0000000144338,TR 400/225kV 764 TOURBE,RTE,400.0,225.0,1806.0,1251.2335033877569,0.29,45.5,,,,False,True
17T0000000159665,TR 400/225kV 761 TRANS,RTE,400.0,225.0,1803.0,1249.1550424186744,0.09,45.9,,,,False,True
17T0000000159673,TR 400/225kV 762 TRANS,RTE,400.0,225.0,1803.0,1249.1550424186744,0.11,45.6,,,,False,True
17T000000018368A,TR 400/225kV 761 TRICASTIN-POSTE (LE),RTE,400.0,225.0,2654.0,1838.74513731512,0.1,50.9,,,,False,True
17T0000000183698,TR 400/225kV 762 TRICASTIN-POSTE (LE),RTE,400.0,225.0,2654.0,1838.74513731512,0.1,50.9,,,,False,True
17T000000018370N,TR 400/225kV 765 TRICASTIN-POSTE (LE),RTE,400.0,225.0,2654.0,1838.74513731512,0.1,50.9,,,,False,True
17T000000018371L,TR 400/225kV 766 TRICASTIN-POSTE (LE),RTE,400.0,225.0,2654.0,1838.74513731512,0.1,50.9,,,,False,True
17T000000015805T,TR 400/225kV 761 VALDIVIENNE,RTE,400.0,225.0,921.0,638.0875175083744,0.02,68.1,,,,False,True
17T000000015806R,TR 400/225kV 762 VALDIVIENNE,RTE,400.0,225.0,921.0,638.0875175083744,0.17,69.2,,,,False,True
17T0000000144419,TR 400/225kV 762 VAUPALIERE (LA),RTE,400.0,225.0,1803.0,1249.1550424186744,0.32,45.2,,,,False,True
17T0000000144427,TR 400/225kV 763 VAUPALIERE (LA),RTE,400.0,225.0,1803.0,1249.1550424186744,0.32,45.1,,,,False,True
17T0000000144435,TR 400/225kV 764 VAUPALIERE (LA),RTE,400.0,225.0,1803.0,1249.1550424186744,0.12,42.8,,,,False,True
17T000000015819I,TR 400/225kV 761 VERFEIL,RTE,400.0,225.0,1805.0,1250.5406830647294,0.14,42.6,,,,False,True
17T000000015820X,TR 400/225kV 762 VERFEIL,RTE,400.0,225.0,1805.0,1250.5406830647294,0.14,42.1,,,,False,True
17T0000000144443,TR 400/225kV 762 VESLE,RTE,400.0,225.0,1803.0,1249.1550424186744,0.16,42.9,,,,False,True
17T0000000144451,TR 400/225kV 763 VESLE,RTE,400.0,225.0,1803.0,1249.1550424186744,0.14,43.3,,,,False,True
17T000000015848B,TR 400/225kV 761 VIELMOULIN,RTE,400.0,225.0,912.0,631.8521346011264,0.7,68.7,,,,False,True
17T0000000158499,TR 400/225kV 762 VIELMOULIN,RTE,400.0,225.0,1803.0,1249.1550424186744,0.25,45.2,,,,False,True
17T000000015850O,TR 400/225kV 763 VIELMOULIN,RTE,400.0,225.0,912.0,631.8521346011264,0.5,69.4,,,,False,True
17T000000015851M,TR 400/225kV 761 VIGY,RTE,400.0,225.0,1803.0,1249.1550424186744,0.15,42.7,,,,False,True
17T000000015852K,TR 400/225kV 763 VIGY,RTE,400.0,225.0,1803.0,1249.1550424186744,0.13,42.8,,,,False,True
17T000000015857A,TR 400/225kV 765 VINCEY,RTE,400.0,225.0,1803.0,1249.1550424186744,0.09,42.4,,,,False,True
17T0000000158588,TR 400/225kV 766 VINCEY,RTE,400.0,225.0,1803.0,1249.1550424186744,0.29,45.2,,,,False,True
17T000000014449U,TR 400/225kV 761 VILLEJUST,RTE,400.0,225.0,1803.0,1249.1550424186744,0.08,42.4,,,,False,True
17T0000000144508,TR 400/225kV 762 VILLEJUST,RTE,400.0,225.0,1803.0,1249.1550424186744,0.1,42.4,,,,False,True
17T0000000144516,TR 400/225kV 763 VILLEJUST,RTE,400.0,225.0,1803.0,1249.1550424186744,0.29,45.5,,,,False,True
17T0000000144524,TR 400/225kV 764 VILLEJUST,RTE,400.0,225.0,1803.0,1249.1550424186744,0.24,45.4,,,,False,True
17T0000000144532,TR 400/225kV 765 VILLEJUST,RTE,400.0,225.0,1803.0,1249.1550424186744,0.3,46.0,,,,False,True
17T000000016051C,TR 400/225kV 766 VILLEJUST,RTE,400.0,225.0,1803.0,1249.1550424186744,0.094,39.2,,,,False,True
17T000000014457V,TR 400/225kV 762 VILLEVAUDE,RTE,400.0,225.0,1803.0,1249.1550424186744,0.27,45.8,,,,False,True
17T000000014458T,TR 400/225kV 763 VILLEVAUDE,RTE,400.0,225.0,1805.0,1250.5406830647294,0.1,42.5,,,,False,True
17T000000014459R,TR 400/225kV 764 VILLEVAUDE,RTE,400.0,225.0,1805.0,1250.5406830647294,0.04,42.3,,,,False,True
17T0000000144605,TR 400/225kV 765  (769) VILLEVAUDE,RTE,400.0,225.0,1842.0,1276.1750350167488,0.24,72.0,,,,False,True
17T0000000144605,TR 400/225kV 769 VILLEVAUDE,RTE,400.0,225.0,921.0,638.0875175083744,0.34,68.1,,,,False,True
17T0000000144613,TR 400/225kV 761 WARANDE,RTE,400.0,225.0,1803.0,1249.1550424186744,0.28,44.8,,,,False,True
17T0000000144621,TR 400/225kV 762 WARANDE,RTE,400.0,225.0,1803.0,1249.1550424186744,0.26,45.2,,,,False,True
17T000000014464Y,TR 400/225kV 763 WARANDE,RTE,400.0,225.0,1803.0,1249.1550424186744,0.33,44.3,,,,False,True
17T000000014465W,TR 400/225kV 764 WARANDE,RTE,400.0,225.0,1803.0,1249.1550424186744,0.2,44.9,,,,False,True
17T000000014466U,TR 400/225kV 761 WEPPES,RTE,400.0,225.0,1803.0,1249.1550424186744,0.31,46.4,,,,False,True
17T000000014467S,TR 400/225kV 762 WEPPES,RTE,400.0,225.0,1803.0,1249.1550424186744,0.27,45.7,,,,False,True
17T000000015900Z,TR 400/225kV 761 YVELINES-OUEST,RTE,400.0,225.0,1803.0,1249.1550424186744,0.112,43.1,,,,False,True
24T-KRIZ-T401-02,Krizovany T401,SEPS,400.0,231.0,577.0,399.7573263868969,0.486,39.197,-12.4,1.3125,,False,True
24T-BYST-T402-1I,Bystricany T402,SEPS,400.0,231.0,360.0,249.4153162899183,1.242,79.22,-0.19,0.46,,False,True
24T-BYST-T401-0O,Bystricany T401,SEPS,400.0,231.0,360.0,249.4153162899183,1.242,79.22,-0.19,0.46,,False,True
30T-ARAD400AT3-F,PST Arad 400/220 3,TEL,400.0,231.0,577.0,399.7573263868969,1.02,45.99,-12.37,1.81,60.0,True,True
30T-BRAD400AT3-3,TR Bradu 400/220 1,TEL,400.0,231.0,577.0,399.7573263868969,0.48,45.76,-2.46,0.47,,False,True
30T-BRAD400AT4-0,TR Bradu 400/220 2,TEL,400.0,231.0,577.0,399.7573263868969,0.48,45.76,-2.46,0.47,,False,True
30T-BRAZ400AT3-R,TR Brazi Vest 400/220 2,TEL,400.0,231.0,577.0,399.7573263868969,0.49,47.6,-4.98,0.47,,False,True
30T-BUCU400AT3-J,TR Bucuresti Sud 400/220 1,TEL,400.0,231.0,577.0,399.7573263868969,0.51,52.0,-4.96,0.61,,False,True
30T-BUCU400AT4-R,TR Bucuresti Sud 400/220 2,TEL,400.0,231.0,577.0,399.7573263868969,0.51,52.0,-4.96,0.61,,False,True
30T-GUTI400AT5-2,TR Gutinas 400/220 1,TEL,400.0,231.0,577.0,399.7573263868969,0.66,42.51,-4.99,0.39,,False,True
30T-GUTI400AT61W,TR Gutinas 400/220 2,TEL,400.0,231.0,577.0,399.7573263868969,0.66,42.51,-4.99,0.39,,False,True
30T-IERN400AT1-U,TR Iernut 400/220 1,TEL,400.0,231.0,577.0,399.7573263868969,0.85,40.67,-4.97,0.56,,False,True
30T-LACS400AT3-Q,TR Lacu Sarat 400/220 1,TEL,400.0,231.0,577.0,399.7573263868969,0.49,47.56,-4.98,0.43,,False,True
30T-LACS400AT4-N,TR Lacu Sarat 400/220 2,TEL,400.0,231.0,577.0,399.7573263868969,0.49,47.52,-4.98,0.41,,False,True
30T-MINT400AT3-T,TR Mintia 400/220 1,TEL,400.0,231.0,577.0,399.7573263868969,0.54,47.28,-4.98,0.47,,False,True
30T-MINT400AT4-Q,TR Mintia 400/220 2,TEL,400.0,231.0,577.0,399.7573263868969,0.54,47.12,-4.98,0.47,,False,True
30T-PDFE400AT1-A,TR Portile de Fier 400/220 1,TEL,400.0,231.0,721.0,499.5234529028642,0.46,40.64,-4.33,0.63,,False,True
30T-PDFE400AT2-7,TR Portile de Fier 400/220 2,TEL,400.0,231.0,721.0,499.5234529028642,0.46,40.64,-4.33,0.63,,False,True
30T-PDFE400AT3-4,TR Portile de Fier 400/220 3,TEL,400.0,231.0,721.0,499.5234529028642,0.51,40.89,-6.22,0.58,,False,True
30T-ROSI400AT--1,TR Rosiori 400/220,TEL,400.0,231.0,577.0,399.7573263868969,0.49,47.6,-4.98,0.47,,False,True
30T-SIBI400AT5-M,TR Sibiu Sud 400/220 1,TEL,400.0,231.0,577.0,399.7573263868969,0.6,43.68,-4.99,0.38,,False,True
30T-SIBI400AT6-J,TR Sibiu Sud 400/220 2,TEL,400.0,231.0,577.0,399.7573263868969,0.6,43.68,-4.99,0.38,,False,True
30T-SLAT400AT1-N,TR Slatina 400/220 1,TEL,400.0,231.0,577.0,399.7573263868969,0.7,42.79,-4.99,0.39,,False,True
30T-SLAT400AT2-K,TR Slatina 400/220 2,TEL,400.0,231.0,577.0,399.7573263868969,0.7,42.79,-4.99,0.39,,False,True
30T-UREC400AT--F,PST Urechesti 400/220 1,TEL,400.0,231.0,577.0,399.7573263868969,1.02,45.99,-12.37,1.81,60.0,True,True
30TIERN400AT2--1,TR Iernut 400/220 2,TEL,400.0,231.0,577.0,399.7573263868969,0.51,47.2,-3.57,0.43,,False,True
11T0-0000-0082-R,PST / 380-220kV / Buers / Trafo 37,TRANSNETBW,380.0,220.0,634.0,417.28568055949387,0.21,19.32,-11.21,3.45,90.0,True,True
11T0-0000-0091-Q,TR / 380-220kV / Buers / Trafo 31,TRANSNETBW,380.0,220.0,499.0,328.43147413121045,0.99,83.23,-3.04,0.76,0.0,True,True
11T0-0000-0092-N,TR / 380-220kV / Buers / Trafo 32,TRANSNETBW,380.0,220.0,499.0,328.43147413121045,0.98,83.41,-3.51,0.75,0.0,True,True
11T0-0000-0093-K,TR / 380-220kV / Buers / Trafo 33,TRANSNETBW,380.0,220.0,499.0,328.43147413121045,1.15,81.54,-2.25,0.74,0.0,True,True
11T0-0000-0094-H,TR / 380-220kV / Buers / Trafo 34,TRANSNETBW,380.0,220.0,499.0,328.43147413121045,1.19,81.21,-2.5,0.63,0.0,True,True
11TD400000023-T9,TR / 380-220kV / Daxlanden / Trafo 401,TRANSNETBW,380.0,220.0,1443.0,949.7527398223181,0.25,24.64,-2.27,1.06,0.0,True,True
11TD400000028-TQ,TR / 380-220kV / Daxlanden / Trafo 402,TRANSNETBW,380.0,220.0,1443.0,949.7527398223181,0.34,24.16,-7.58,1.61,0.0,True,True
11TD400000041-T7,TR / 380-220kV / Eichstetten / Trafo 401,TRANSNETBW,380.0,220.0,1443.0,949.7527398223181,0.24,24.37,-2.05,1.07,0.0,True,True
12T-0000000591-H,TR / 380-220kV / Kuehmoos Trafo 401,TRANSNETBW,380.0,220.0,953.0,627.2448794529931,0.4,24.48,-10.64,1.32,-120.0,True,True
11TD400000127-TO,TR / 380-220kV / Neurott / Trafo 402,TRANSNETBW,380.0,220.0,953.0,627.2448794529931,0.71,24.24,-3.23,1.47,0.0,True,True
11TD400000125-TW,TR / 380-220kV / Neurott / Trafo 401,TRANSNETBW,220.0,380.0,1506.0,573.8630735637204,0.19,8.13,-7.91,3.52,0.0,True,True
11TD400000144-TQ,TR / 380-220kV / Pulverdingen / Trafo 323,TRANSNETBW,220.0,380.0,1506.0,573.8630735637204,0.18,10.23,-2.09,1.92,0.0,True,True
19T110000006830D,TR Chelm-A3,PSE,400.0,220.0,500.0,346.41016151377545,0.434,42.63,-0.68,0.44,0.0,True,True
19T110000006831B,TR Chelm-A2,PSE,400.0,220.0,160.0,110.85125168440814,0.989,32.188,-6.8,1.82,0.0,True,True
11TD2T000000035V,PST Diele T441,TENNETGMBH,380.0,380.0,1870.0,1230.7953038584442,0.11,12.32,-2.44,0.96,90.0,True,True
11TD2T000000036T,PST Diele T442,TENNETGMBH,380.0,380.0,1870.0,1230.7953038584442,0.11,12.32,-2.45,0.94,90.0,True,True
11T0-0000-1915-W,PST Wuergau T441A,TENNETGMBH,380.0,380.0,2399.0,1578.9721571959396,0.1,11.97,-2.3,1.25,90.0,True,True
11T0-0000-1916-T,PST Wuergau T441B,TENNETGMBH,380.0,380.0,2399.0,1578.9721571959396,0.1,12.03,-2.29,1.27,90.0,True,True
11T0-0000-1917-Q,PST Wuergau T442A,TENNETGMBH,380.0,380.0,2399.0,1578.9721571959396,0.1,11.97,-2.3,1.25,90.0,True,True
11T0-0000-1918-N,PST Wuergau T442B,TENNETGMBH,380.0,380.0,2399.0,1578.9721571959396,0.1,11.98,-2.3,1.26,90.0,True,True
11TD2T0000000142,TR Audorf/S T421,TENNETGMBH,380.0,220.0,811.0,533.7834178765766,0.48,46.61,-0.61,0.49,,False,True
11T0-0000-0019-Y,TR Audorf/S T422,TENNETGMBH,380.0,220.0,811.0,533.7834178765766,0.42,45.94,-0.3,0.51,,False,True
11TD2T000000245K,TR Bechterdissen T423,TENNETGMBH,380.0,220.0,721.0,474.54728025772096,0.79,61.04,-0.5,0.89,,False,True
11TD2T000000246I,TR Bechterdissen T424,TENNETGMBH,380.0,220.0,721.0,474.54728025772096,0.79,60.92,-0.63,0.81,,False,True
11TD2T0000002013,TR Brunsbuettel T421,TENNETGMBH,380.0,220.0,811.0,533.7834178765766,0.42,46.01,-2.19,0.5,,False,True
11TD2T000000208Q,TR Buettel T441,TENNETGMBH,380.0,220.0,2061.0,1356.507551471793,0.58,58.42,-2.03,1.17,,False,True
11TD2T000000209O,TR Buettel T442,TENNETGMBH,380.0,220.0,2061.0,1356.507551471793,0.58,58.39,-1.9,1.19,,False,True
11TD2T000000033Z,TR Conneforde/O T422,TENNETGMBH,380.0,220.0,631.0,415.31114263886536,1.01,65.36,-0.51,0.74,,False,True
11T0-0000-1608-5,TR Conneforde/O T423,TENNETGMBH,380.0,220.0,811.0,533.7834178765766,0.41,45.9,-7.97,0.48,,False,True
11TD2T000000219L,TR Diele T1,TENNETGMBH,380.0,220.0,1177.0,774.6770441932559,0.74,46.53,-0.62,0.93,,False,True
11TD2T000000229I,TR Doerpen/W T441,TENNETGMBH,380.0,380.0,1734.0,1141.2829181232846,0.61,41.63,-0.68,1.18,,False,True
11TD2T000000230X,TR Doerpen/W T442,TENNETGMBH,380.0,380.0,1734.0,1141.2829181232846,0.61,41.63,-0.67,1.18,,False,True
11TD2T000000227M,TR Doerpen/W T443,TENNETGMBH,380.0,380.0,1955.0,1286.7405449429189,0.48,38.14,-0.67,1.16,,False,True
11TD2T000000228K,TR Doerpen/W T444,TENNETGMBH,380.0,380.0,1955.0,1286.7405449429189,0.48,38.14,-0.67,1.16,,False,True
11T0-0000-0070-0,TR Emden/O T425,TENNETGMBH,380.0,220.0,811.0,533.7834178765766,0.42,45.62,-0.32,0.5,,False,True
11T0-0000-1589-C,TR Emden/O T428,TENNETGMBH,380.0,220.0,811.0,533.7834178765766,0.42,45.87,-4.31,0.47,,False,True
11TD2T000000260O,TR Etzenricht T421,TENNETGMBH,380.0,220.0,811.0,533.7834178765766,0.52,47.0,-0.44,0.54,,False,True
11TD2T000000070T,TR Grosskrotzenburg T421,TENNETGMBH,380.0,220.0,1082.0,712.1500100400195,0.71,51.2,-4.88,1.93,,False,True
11TD2T000000071R,TR Grosskrotzenburg T422,TENNETGMBH,380.0,220.0,528.0,347.5186740306195,1.22,59.14,-9.54,1.71,,False,True
11TD2T000000072P,TR Grosskrotzenburg T423,TENNETGMBH,380.0,220.0,1082.0,712.1500100400195,0.71,51.46,-6.82,1.94,,False,True
11TD2T000000096B,TR Irsching T421,TENNETGMBH,380.0,220.0,866.0,569.9832797547662,0.72,51.52,-1.3,1.35,,False,True
11TD2T000000116V,TR Landesbergen T422,TENNETGMBH,380.0,220.0,1082.0,712.1500100400195,0.66,49.86,-8.03,1.88,,False,True
11TD2T000000117T,TR Landesbergen T423,TENNETGMBH,380.0,220.0,523.0,344.2277774962387,1.1,65.45,-5.07,1.76,,False,True
11T0-0000-1889-Y,TR Mehrum/N T421,TENNETGMBH,380.0,220.0,811.0,533.7834178765766,0.42,45.87,-2.49,0.48,,False,True
11T0-0000-1890-K,TR Mehrum/N T422,TENNETGMBH,380.0,220.0,811.0,533.7834178765766,0.42,45.9,-2.49,0.48,,False,True
11TD2T000000143S,TR Oberbachern T421,TENNETGMBH,380.0,220.0,926.0,609.4740381673365,0.64,49.17,-3.64,1.94,,False,True
11TD2T000000146M,TR Ottenhofen T426,TENNETGMBH,380.0,220.0,917.0,603.5504244054509,0.67,49.46,-4.93,1.8,,False,True
11TD2T000000155L,TR Pleinting T421,TENNETGMBH,380.0,220.0,952.0,626.586700146117,0.59,47.84,-5.67,1.97,,False,True
11TD2T000000156J,TR Pleinting T422,TENNETGMBH,380.0,220.0,952.0,626.586700146117,0.66,48.85,-6.47,1.93,,False,True
11TD2T000000160S,TR Raitersaich T421,TENNETGMBH,380.0,220.0,926.0,609.4740381673365,0.68,50.37,-2.14,1.52,,False,True
11TD2T000000168C,TR Schwandorf VK5,TENNETGMBH,380.0,220.0,935.0,615.3976519292221,0.62,49.33,-5.2,2.14,,False,True
11TD2T000000172L,TR Siems T421,TENNETGMBH,380.0,220.0,631.0,415.31114263886536,1.07,86.44,-0.74,0.65,,False,True
11TD2T000000180M,TR Sottrum T421,TENNETGMBH,380.0,220.0,811.0,533.7834178765766,0.49,46.82,-0.57,0.5,,False,True
11T0-0000-1686-G,TR Stade/W T421,TENNETGMBH,380.0,220.0,811.0,533.7834178765766,0.42,45.76,-8.68,0.49,,False,True
11T0-0000-1687-D,TR Stade/W T422,TENNETGMBH,380.0,220.0,811.0,533.7834178765766,0.42,45.87,-7.16,0.46,,False,True
11TD2T000000206U,TR Unterweser T421,TENNETGMBH,380.0,220.0,1190.0,783.2333751826462,0.51,24.0,-3.84,1.5,,False,True
11TD2T000000191H,TR Wahle T421,TENNETGMBH,380.0,220.0,1082.0,712.1500100400195,0.71,49.86,-3.9,1.75,,False,True
11TD2T000000192F,TR Wahle T422,TENNETGMBH,380.0,220.0,1082.0,712.1500100400195,0.62,52.26,-4.92,1.84,,False,True
11TD2T0000001975,TR Wuergassen T421,TENNETGMBH,380.0,220.0,509.0,335.01326719997223,1.32,60.59,-12.82,1.82,,False,True
11T0-0000-2102-5,TR Wuergassen T423,TENNETGMBH,380.0,220.0,405.0,266.5626192848502,1.19,101.01,-0.47,0.54,,False,True
11T0-0000-1249-6,TR Brauweiler TR 421,AMPRION GMBH,230.0,400.0,2008.0,799.9303449676103,0.176,16.046,-3.6,4.3,,False,True
11T0-0000-0572-6,TR Buerstadt TR 421,AMPRION GMBH,400.0,230.0,1924.0,1332.986301505008,0.312,24.8,-8.6,1.8,-60.0,True,True
11T0-0000-0571-9,TR Buerstadt TR 422,AMPRION GMBH,230.0,400.0,2008.0,799.9303449676103,0.247,16.838,-45.0,6.0,,False,True
11T0-0000-0575-Y,TR Buescherhof TR 421,AMPRION GMBH,240.0,400.0,1924.0,799.7917809030047,0.24,17.278,-6.4,5.3,,False,True
11T0-0000-1251-Q,TR Dauersberg TR 422,AMPRION GMBH,400.0,230.0,1924.0,1332.986301505008,0.232,23.806,-3.0,0.9,60.0,True,True
11T0-0000-0589-I,TR Dauersberg TR 421,AMPRION GMBH,400.0,230.0,1924.0,1332.986301505008,0.331,24.8,-6.9,1.9,60.0,True,True
11T0-0000-0595-Q,TR Eiberg TR 421,AMPRION GMBH,240.0,400.0,1924.0,799.7917809030047,0.24,17.278,-6.4,5.3,,False,True
11T0-0000-0606-H,TR Ensdorf TR 421,AMPRION GMBH,230.0,400.0,2008.0,799.9303449676103,0.176,16.046,-3.6,4.3,,False,True
11T0-0000-0614-J,TR Gersteinwerk TR 421,AMPRION GMBH,230.0,400.0,2008.0,799.9303449676103,0.235,16.738,-5.4,3.0,,False,True
11T0-0000-0615-G,TR Gersteinwerk TR 422,AMPRION GMBH,230.0,400.0,2008.0,799.9303449676103,0.117,15.784,-5.4,1.6,,False,True
11T0-0000-0620-R,TR Gronau TR 441 E,AMPRION GMBH,400.0,400.0,2165.0,1499.9559993546477,0.131,3.31,-6.2,2.9,90.0,True,True
11T0-0000-1278-Y,TR Hanekenfaehr TR 421,AMPRION GMBH,230.0,400.0,2008.0,799.9303449676103,0.229,16.483,-11.0,5.2,,False,True
11T0-0000-0646-1,TR Hattingen TR 421,AMPRION GMBH,230.0,400.0,2008.0,799.9303449676103,0.235,16.662,-37.3,3.4,,False,True
11T0-0000-1881-L,TR Herbertingen TR 421,AMPRION GMBH,400.0,230.0,1924.0,1332.986301505008,0.331,24.8,-6.9,1.9,60.0,True,True
11T0-0000-0683-V,TR Kusenhorst TR 421,AMPRION GMBH,230.0,400.0,2008.0,799.9303449676103,0.206,16.221,-17.2,5.7,,False,True
11T0-0000-0754-Z,TR Niederrhein TR 421,AMPRION GMBH,400.0,230.0,1924.0,1332.986301505008,0.331,24.8,-6.9,1.9,60.0,True,True
11T0-0000-0759-K,TR Niederstedem TR 422,AMPRION GMBH,400.0,230.0,1924.0,1332.986301505008,0.331,24.8,-6.9,1.9,-60.0,True,True
11T0-0000-0758-N,TR Niederstedem TR 421,AMPRION GMBH,400.0,230.0,1924.0,1332.986301505008,0.331,24.8,-6.9,1.9,-60.0,True,True
11T0-0000-0760-6,TR Niederstedem TR 423,AMPRION GMBH,400.0,230.0,1155.0,800.2074730968213,0.459,45.176,-1.6,0.5,-60.0,True,True
11T0-0000-2133-R,TR Oberzier TR 442 E,AMPRION GMBH,400.0,400.0,3078.0,2132.5009542788016,0.075,9.0,-3.4,0.7,90.0,True,True
11T0-0000-0796-D,TR Opladen TR 421,AMPRION GMBH,240.0,400.0,1924.0,799.7917809030047,0.24,17.276,-39.1,6.1,,False,True
11T0-0000-1674-Q,TR Opladen TR 422,AMPRION GMBH,230.0,400.0,2008.0,799.9303449676103,0.176,16.046,-3.6,4.3,,False,True
11T0-0000-0858-I,TR St. Peter TR 422,AMPRION GMBH,400.0,230.0,1924.0,1332.986301505008,0.331,24.8,-6.9,1.9,60.0,True,True
11T0-0000-1348-4,TR St. Peter TR 423,AMPRION GMBH,400.0,230.0,1924.0,1332.986301505008,0.331,24.8,-6.9,1.9,60.0,True,True
11T0-0000-0833-4,TR Rommerskirchen TR 421,AMPRION GMBH,400.0,230.0,1924.0,1332.986301505008,0.331,24.8,-6.9,1.9,60.0,True,True
11T0-0000-0847-P,TR Sechtem TR 421,AMPRION GMBH,230.0,400.0,2008.0,799.9303449676103,0.176,16.046,-3.6,4.3,,False,True
11T0-0000-2071-M,TR Siegburg TR 421,AMPRION GMBH,230.0,400.0,2008.0,799.9303449676103,0.176,16.046,-3.6,4.3,,False,True
11T0-0000-0859-F,TR Tiengen TR 421,AMPRION GMBH,400.0,230.0,1271.0,880.5746305680171,0.446,24.741,-1.0,1.6,-60.0,True,True
11T0-0000-0862-W,TR Uchtelfangen TR 421,AMPRION GMBH,400.0,230.0,1924.0,1332.986301505008,0.331,24.8,-6.9,1.9,-60.0,True,True
11T0-0000-0874-M,TR Urberach TR 421,AMPRION GMBH,400.0,230.0,1924.0,1332.986301505008,0.331,24.8,-6.9,1.9,-60.0,True,True
11T0-0000-0875-J,TR Urberach TR 422,AMPRION GMBH,400.0,230.0,1924.0,1332.986301505008,0.331,24.8,-6.9,1.9,-60.0,True,True
11T0-0000-0879-7,TR Utfort TR 422,AMPRION GMBH,400.0,230.0,1924.0,1332.986301505008,0.331,24.8,-6.9,1.9,60.0,True,True
11T0-0000-0878-A,TR Utfort TR 421,AMPRION GMBH,400.0,230.0,1924.0,1332.986301505008,0.331,24.8,-6.9,1.9,60.0,True,True
11T0-0000-0884-I,TR Voehringen TR 421,AMPRION GMBH,400.0,230.0,1924.0,1332.986301505008,0.232,23.806,-3.0,0.9,-60.0,True,True
11T0-0000-1352-I,TR Walsum TR 421,AMPRION GMBH,230.0,400.0,2008.0,799.9303449676103,0.176,16.046,-3.6,4.3,,False,True
11T0-0000-0893-H,TR Wehrendorf TR 421,AMPRION GMBH,400.0,230.0,1924.0,1332.986301505008,0.331,24.8,-6.9,1.9,60.0,True,True
11T0-0000-0914-4,TR Westerkappeln TR 421,AMPRION GMBH,230.0,400.0,2008.0,799.9303449676103,0.229,16.482,-28.0,4.6,,False,True
11T0-0000-0904-8,TR Weissenthurm TR 421,AMPRION GMBH,400.0,230.0,1924.0,1332.986301505008,0.331,24.8,-6.9,1.9,60.0,True,True
49T000000000078O,PST Meeden PST W,TENNET NL,400.0,400.0,1520.0,1053.0868910018773,0.1295,10.006,-5.89091,2.7701,90.0,True,True
49T000000000077Q,PST Meeden PST Z,TENNET NL,400.0,400.0,1520.0,1053.0868910018773,0.1295,10.006,-5.89091,2.7701,90.0,True,True
49T000000000184P,TR Eemshaven Hogeland 380kV TR 421,TENNET NL,400.0,220.0,1140.0,789.8151682514081,0.091,31.529,-10.3425,0.9695,,False,True
49T000000000183R,TR Eemshaven 380kV TR 423,TENNET NL,400.0,220.0,1140.0,789.8151682514081,0.091,31.529,-10.3425,0.9695,,False,True
49T000000000181V,TR Eemshaven 380kV TR 401,TENNET NL,400.0,220.0,1140.0,789.8151682514081,0.0912,30.585,-10.3425,0.9695,,False,True
49T000000000182T,TR Eemshaven 380kV TR 402,TENNET NL,400.0,220.0,1140.0,789.8151682514081,0.091,31.669,-10.3425,0.9695,,False,True
49T000000000187J,TR Ens 380kV TR 404,TENNET NL,400.0,220.0,1140.0,789.8151682514081,0.1116,42.923,-6.88545,0.741,,False,True
49T000000000185N,TR Ens 380kV TR 402,TENNET NL,400.0,220.0,760.0,526.5434455009387,0.0912,31.462,-10.3425,0.9695,,False,True
49T000000000186L,TR Ens 380kV TR 403,TENNET NL,400.0,220.0,760.0,526.5434455009387,0.2117,43.136,-6.90189,0.5679,,False,True
49T000000000188H,TR Meeden 380kV TR 402,TENNET NL,400.0,220.0,1140.0,789.8151682514081,0.0626,30.653,-10.3444,0.9488,,False,True
