AreaCode,month,rows,pre_cutoff,area
10Y1001A1001A82H,2025-10,2980,0,Germany–Luxembourg zone
10Y1001A1001A82H,2025-11,2880,96,Germany–Luxembourg zone
10Y1001A1001A82H,2025-12,2976,193,Germany–Luxembourg zone
10Y1001A1001A82H,2026-01,2976,96,Germany–Luxembourg zone
10Y1001A1001A82H,2026-02,2688,97,Germany–Luxembourg zone
10Y1001A1001A82H,2026-03,2972,104,Germany–Luxembourg zone
10Y1001A1001A82H,2026-04,2880,98,Germany–Luxembourg zone
10Y1001A1001A82H,2026-05,2976,99,Germany–Luxembourg zone
10Y1001A1001A82H,2026-06,2880,1,Germany–Luxembourg zone
10Y1001A1001A82H,2026-07,2976,2,Germany–Luxembourg zone
10Y1001A1001A82H,2026-08,2976,99,Germany–Luxembourg zone
10Y1001A1001A82H,2026-09,2880,0,Germany–Luxembourg zone
10Y1001A1001A83F,2025-10,2980,0,Germany country
10Y1001A1001A83F,2025-11,2880,1824,Germany country
10Y1001A1001A83F,2025-12,2976,2880,Germany country
10Y1001A1001A83F,2026-01,2976,2592,Germany country
10Y1001A1001A83F,2026-02,2688,2688,Germany country
10Y1001A1001A83F,2026-03,2972,2112,Germany country
10Y1001A1001A83F,2026-04,2880,2400,Germany country
10Y1001A1001A83F,2026-05,2976,2784,Germany country
10Y1001A1001A83F,2026-06,2880,2880,Germany country
10Y1001A1001A83F,2026-07,2976,2880,Germany country
10Y1001A1001A83F,2026-08,2976,2784,Germany country
10Y1001A1001A83F,2026-09,2880,2400,Germany country
10YDE-ENBW-----N,2025-10,2980,0,TransnetBW
10YDE-ENBW-----N,2025-11,2880,1824,TransnetBW
10YDE-ENBW-----N,2025-12,2976,2880,TransnetBW
10YDE-ENBW-----N,2026-01,2976,2976,TransnetBW
10YDE-ENBW-----N,2026-02,2688,2688,TransnetBW
10YDE-ENBW-----N,2026-03,2972,2588,TransnetBW
10YDE-ENBW-----N,2026-04,2880,2592,TransnetBW
10YDE-ENBW-----N,2026-05,2976,2784,TransnetBW
10YDE-ENBW-----N,2026-06,2880,2880,TransnetBW
10YDE-ENBW-----N,2026-07,2976,2976,TransnetBW
10YDE-ENBW-----N,2026-08,2976,2880,TransnetBW
10YDE-ENBW-----N,2026-09,2880,2592,TransnetBW
10YDE-EON------1,2025-10,2980,0,TenneT Germany
10YDE-EON------1,2025-11,2880,1824,TenneT Germany
10YDE-EON------1,2025-12,2976,2976,TenneT Germany
10YDE-EON------1,2026-01,2976,2976,TenneT Germany
10YDE-EON------1,2026-02,2688,2688,TenneT Germany
10YDE-EON------1,2026-03,2972,2684,TenneT Germany
10YDE-EON------1,2026-04,2880,2880,TenneT Germany
10YDE-EON------1,2026-05,2976,2976,TenneT Germany
10YDE-EON------1,2026-06,2880,2880,TenneT Germany
10YDE-EON------1,2026-07,2976,2976,TenneT Germany
10YDE-EON------1,2026-08,2976,2880,TenneT Germany
10YDE-EON------1,2026-09,2880,2496,TenneT Germany
10YDE-RWENET---I,2025-10,2980,0,Amprion
10YDE-RWENET---I,2025-11,2880,1824,Amprion
10YDE-RWENET---I,2025-12,2976,2688,Amprion
10YDE-RWENET---I,2026-01,2976,2784,Amprion
10YDE-RWENET---I,2026-02,2688,2688,Amprion
10YDE-RWENET---I,2026-03,2972,2592,Amprion
10YDE-RWENET---I,2026-04,2880,2880,Amprion
10YDE-RWENET---I,2026-05,2976,2976,Amprion
10YDE-RWENET---I,2026-06,2880,2880,Amprion
10YDE-RWENET---I,2026-07,2976,2976,Amprion
10YDE-RWENET---I,2026-08,2976,2880,Amprion
10YDE-RWENET---I,2026-09,2880,2496,Amprion
10YDE-VE-------2,2025-10,2980,0,50Hertz
10YDE-VE-------2,2025-11,2880,1824,50Hertz
10YDE-VE-------2,2025-12,2976,2880,50Hertz
10YDE-VE-------2,2026-01,2976,2592,50Hertz
10YDE-VE-------2,2026-02,2688,2688,50Hertz
10YDE-VE-------2,2026-03,2972,2112,50Hertz
10YDE-VE-------2,2026-04,2880,2688,50Hertz
10YDE-VE-------2,2026-05,2976,2976,50Hertz
10YDE-VE-------2,2026-06,2880,2880,50Hertz
10YDE-VE-------2,2026-07,2976,2880,50Hertz
10YDE-VE-------2,2026-08,2976,2784,50Hertz
10YDE-VE-------2,2026-09,2880,2400,50Hertz
